address,pool_id,airdrop_amount,debt_total
osmo103w2uwpdf9p708c83nkyd0ys6fgqt94tdvjtgn,712,"104163ibc/D1542AA8762DB13087D8364F3EA6509FD6F009A34F00426AF9E4F9FA85CBBF1F,27924435uosmo","849822ibc/D1542AA8762DB13087D8364F3EA6509FD6F009A34F00426AF9E4F9FA85CBBF1F,235744093uosmo"
osmo109aaa6tftveephmkppldkgjlj70t6cdx2gcx88,678,"39330ibc/D189335C6E4A68B513C10AB227BF1C1D38C746766278BA3EEB4FB14124F1D858,34606uosmo","265456ibc/D189335C6E4A68B513C10AB227BF1C1D38C746766278BA3EEB4FB14124F1D858,237416uosmo"
osmo10dc7lataqm62tze9tm47f8sesrws709zfd3xhh,678,"142168ibc/D189335C6E4A68B513C10AB227BF1C1D38C746766278BA3EEB4FB14124F1D858,125091uosmo","208361ibc/D189335C6E4A68B513C10AB227BF1C1D38C746766278BA3EEB4FB14124F1D858,186351uosmo"
osmo10qx8j604ll0tkzvel704z97hukwsmfmy3ttyf9,678,"2039ibc/D189335C6E4A68B513C10AB227BF1C1D38C746766278BA3EEB4FB14124F1D858,1794uosmo","13760ibc/D189335C6E4A68B513C10AB227BF1C1D38C746766278BA3EEB4FB14124F1D858,12307uosmo"
osmo10rgny3xd5fvg02wnmy4h9zuktnfthvrlwdjwf5,1,"116949ibc/27394FB092D2ECCD56123C74F36E4C1F926001CEADA9CA97EA622B25F41E5EB2,914797uosmo","4667423ibc/27394FB092D2ECCD56123C74F36E4C1F926001CEADA9CA97EA622B25F41E5EB2,39322212uosmo"
osmo10t26acjmemggsahq6uvyucm4tj3z0mhz23ljh2,712,"9367ibc/D1542AA8762DB13087D8364F3EA6509FD6F009A34F00426AF9E4F9FA85CBBF1F,2511078uosmo","222339294ibc/D1542AA8762DB13087D8364F3EA6509FD6F009A34F00426AF9E4F9FA85CBBF1F,60175535790uosmo"
osmo12098ugn5gac6qnhcys065dxa29g6szdpe2zvyn,1,"238308ibc/27394FB092D2ECCD56123C74F36E4C1F926001CEADA9CA97EA622B25F41E5EB2,1864100uosmo","732301ibc/27394FB092D2ECCD56123C74F36E4C1F926001CEADA9CA97EA622B25F41E5EB2,6169506uosmo"
osmo127cz3qd25qefq2d3l8zdl9xqzatskjcq4n5eg2,1,"290ibc/27394FB092D2ECCD56123C74F36E4C1F926001CEADA9CA97EA622B25F41E5EB2,2264uosmo","22769ibc/27394FB092D2ECCD56123C74F36E4C1F926001CEADA9CA97EA622B25F41E5EB2,191830uosmo"
osmo12asyaccxrau33q8l780cgzkyzydqngfvla7deg,1,"29349ibc/27394FB092D2ECCD56123C74F36E4C1F926001CEADA9CA97EA622B25F41E5EB2,229580uosmo","466154ibc/27394FB092D2ECCD56123C74F36E4C1F926001CEADA9CA97EA622B25F41E5EB2,3927264uosmo"
osmo12z2kh4c4ur3vu2acudsahhx2qvlf29hpkaes4a,678,"140076ibc/D189335C6E4A68B513C10AB227BF1C1D38C746766278BA3EEB4FB14124F1D858,123249uosmo","735435ibc/D189335C6E4A68B513C10AB227BF1C1D38C746766278BA3EEB4FB14124F1D858,657750uosmo"
osmo1329g2g4p78y2r3629nw8yk7xfp7hj79a948wsk,712,"4542ibc/D1542AA8762DB13087D8364F3EA6509FD6F009A34F00426AF9E4F9FA85CBBF1F,1217434uosmo","20577ibc/D1542AA8762DB13087D8364F3EA6509FD6F009A34F00426AF9E4F9FA85CBBF1F,5708341uosmo"
osmo132ntpvht8jef8hd6h8nulrvuj67z6wkspgv4yp,704,"4773378892945ibc/EA1D43981D5C9A1C4AAEA9C23BB1D4FA126BA9BC7020A25E0AE4AA841EA25DC5,7466uosmo","29885448931672ibc/EA1D43981D5C9A1C4AAEA9C23BB1D4FA126BA9BC7020A25E0AE4AA841EA25DC5,48712uosmo"
osmo133yra9fxttjsu22vcjgdfx2vvsve9q4g3369cx,712,"13407ibc/D1542AA8762DB13087D8364F3EA6509FD6F009A34F00426AF9E4F9FA85CBBF1F,3594377uosmo","21214ibc/D1542AA8762DB13087D8364F3EA6509FD6F009A34F00426AF9E4F9FA85CBBF1F,5885022uosmo"
osmo13f8e7tckw0q90r3m44pmcs080pf0q4572y0qv5,712,"8651ibc/D1542AA8762DB13087D8364F3EA6509FD6F009A34F00426AF9E4F9FA85CBBF1F,2319329uosmo","70623ibc/D1542AA8762DB13087D8364F3EA6509FD6F009A34F00426AF9E4F9FA85CBBF1F,19591261uosmo"
osmo13fdna69jwrumejmkdlx7vxdtr2ep0v70axemjx,712,"9475ibc/D1542AA8762DB13087D8364F3EA6509FD6F009A34F00426AF9E4F9FA85CBBF1F,2540241uosmo","22114ibc/D1542AA8762DB13087D8364F3EA6509FD6F009A34F00426AF9E4F9FA85CBBF1F,6134574uosmo"
osmo13j44mhvhafkpxqjfz6zrknverjc67jcc8gj7qr,1,"717501ibc/27394FB092D2ECCD56123C74F36E4C1F926001CEADA9CA97EA622B25F41E5EB2,5612474uosmo","10299965ibc/27394FB092D2ECCD56123C74F36E4C1F926001CEADA9CA97EA622B25F41E5EB2,86775376uosmo"
osmo13lyzsxvz8yacjvnmxw48tkxvgk8nlr74z7pt43,678,"85181ibc/D189335C6E4A68B513C10AB227BF1C1D38C746766278BA3EEB4FB14124F1D858,74948uosmo","123593ibc/D189335C6E4A68B513C10AB227BF1C1D38C746766278BA3EEB4FB14124F1D858,110538uosmo"
osmo13t4fs279dq0ne2lk7juyxfhfsnz9gsfw73f5tu,1,"1738159ibc/27394FB092D2ECCD56123C74F36E4C1F926001CEADA9CA97EA622B25F41E5EB2,13596310uosmo","3750496ibc/27394FB092D2ECCD56123C74F36E4C1F926001CEADA9CA97EA622B25F41E5EB2,31597262uosmo"
osmo14gcll646y58wglltu04rmmhukkxt2cl6x8gzpn,712,"796ibc/D1542AA8762DB13087D8364F3EA6509FD6F009A34F00426AF9E4F9FA85CBBF1F,213401uosmo","872ibc/D1542AA8762DB13087D8364F3EA6509FD6F009A34F00426AF9E4F9FA85CBBF1F,242101uosmo"
osmo14js35r230wx03wsxlh87cnc34f59arjm6uj93f,712,"1893ibc/D1542AA8762DB13087D8364F3EA6509FD6F009A34F00426AF9E4F9FA85CBBF1F,507434uosmo","16101ibc/D1542AA8762DB13087D8364F3EA6509FD6F009A34F00426AF9E4F9FA85CBBF1F,4466743uosmo"
osmo14ksjgje9ccad5zvzxy7k2amqu55e9g9g90p846,678,"1748233ibc/D189335C6E4A68B513C10AB227BF1C1D38C746766278BA3EEB4FB14124F1D858,1538230uosmo","11801193ibc/D189335C6E4A68B513C10AB227BF1C1D38C746766278BA3EEB4FB14124F1D858,10554608uosmo"
osmo14mz27u8mqdhh5wqpv6qkxkcvalxw2gxejjrxx4,712,"11497ibc/D1542AA8762DB13087D8364F3EA6509FD6F009A34F00426AF9E4F9FA85CBBF1F,3082104uosmo","43266ibc/D1542AA8762DB13087D8364F3EA6509FD6F009A34F00426AF9E4F9FA85CBBF1F,12002428uosmo"
osmo14pakf28w2vmeemfcfhlt3xgpah24548lzdp5c8,1,"9980ibc/27394FB092D2ECCD56123C74F36E4C1F926001CEADA9CA97EA622B25F41E5EB2,78068uosmo","127300ibc/27394FB092D2ECCD56123C74F36E4C1F926001CEADA9CA97EA622B25F41E5EB2,1072485uosmo"
osmo14pwe87zgx7geymn3kdj5hgr3mnw8yf8d8n80vs,678,"14799463ibc/D189335C6E4A68B513C10AB227BF1C1D38C746766278BA3EEB4FB14124F1D858,13021705uosmo","28386467ibc/D189335C6E4A68B513C10AB227BF1C1D38C746766278BA3EEB4FB14124F1D858,25387944uosmo"
osmo14vae3yzzm43j4uc6x82e0ltxaxwjlu2szdm2tv,1,"29560ibc/27394FB092D2ECCD56123C74F36E4C1F926001CEADA9CA97EA622B25F41E5EB2,231227uosmo","469596ibc/27394FB092D2ECCD56123C74F36E4C1F926001CEADA9CA97EA622B25F41E5EB2,3956268uosmo"
osmo14vv4xlk5nwcpq4r8pkqdupsc0qk52x3tzmrdre,678,"7163013ibc/D189335C6E4A68B513C10AB227BF1C1D38C746766278BA3EEB4FB14124F1D858,6302568uosmo","48352352ibc/D189335C6E4A68B513C10AB227BF1C1D38C746766278BA3EEB4FB14124F1D858,43244791uosmo"
osmo158nm2fsv70dq74ed8e3ccs6e44c3e65kqmxfut,1,"262797ibc/27394FB092D2ECCD56123C74F36E4C1F926001CEADA9CA97EA622B25F41E5EB2,2055667uosmo","386710ibc/27394FB092D2ECCD56123C74F36E4C1F926001CEADA9CA97EA622B25F41E5EB2,3257966uosmo"
osmo15gznrtnnjgalwpcms9gk323fafvlvuqjdgnf6f,712,"3129ibc/D1542AA8762DB13087D8364F3EA6509FD6F009A34F00426AF9E4F9FA85CBBF1F,838708uosmo","4415ibc/D1542AA8762DB13087D8364F3EA6509FD6F009A34F00426AF9E4F9FA85CBBF1F,1224974uosmo"
osmo15l42ex4svlcr6tftd3admpf0j2egyyff2ylzqz,712,"4326ibc/D1542AA8762DB13087D8364F3EA6509FD6F009A34F00426AF9E4F9FA85CBBF1F,1159600uosmo","8042ibc/D1542AA8762DB13087D8364F3EA6509FD6F009A34F00426AF9E4F9FA85CBBF1F,2230917uosmo"
osmo15mhtyx9768rkjz0aqtxmwd5nvxnrcrspqjnmcr,712,"108060ibc/D1542AA8762DB13087D8364F3EA6509FD6F009A34F00426AF9E4F9FA85CBBF1F,28969394uosmo","882400ibc/D1542AA8762DB13087D8364F3EA6509FD6F009A34F00426AF9E4F9FA85CBBF1F,244781249uosmo"
osmo15qqsnsa2yqweqasnahke6vcgc0pgd692295cdz,1,"5894ibc/27394FB092D2ECCD56123C74F36E4C1F926001CEADA9CA97EA622B25F41E5EB2,46104uosmo","93625ibc/27394FB092D2ECCD56123C74F36E4C1F926001CEADA9CA97EA622B25F41E5EB2,788777uosmo"
osmo15u2uwhyxhn382csz9auwxsm9km79kw0ffsnrpk,704,"1271583124908696ibc/EA1D43981D5C9A1C4AAEA9C23BB1D4FA126BA9BC7020A25E0AE4AA841EA25DC5,1988961uosmo","24007499837154344ibc/EA1D43981D5C9A1C4AAEA9C23BB1D4FA126BA9BC7020A25E0AE4AA841EA25DC5,39131640uosmo"
osmo15u4c3rpyy22ne9tv46jxh82c4cu07varm8zvu3,1,"213943ibc/27394FB092D2ECCD56123C74F36E4C1F926001CEADA9CA97EA622B25F41E5EB2,1673512uosmo","3398040ibc/27394FB092D2ECCD56123C74F36E4C1F926001CEADA9CA97EA622B25F41E5EB2,28627887uosmo"
osmo15wk3htq4p024tfc6nagvgusra0tlt3hhv2sw9d,1,"532192ibc/27394FB092D2ECCD56123C74F36E4C1F926001CEADA9CA97EA622B25F41E5EB2,4162938uosmo","8453520ibc/27394FB092D2ECCD56123C74F36E4C1F926001CEADA9CA97EA622B25F41E5EB2,71219401uosmo"
osmo166cfn9s7qa0klrj7t0ru35pp34yxvqdlhsqlfy,1,"96159ibc/27394FB092D2ECCD56123C74F36E4C1F926001CEADA9CA97EA622B25F41E5EB2,752179uosmo","1527502ibc/27394FB092D2ECCD56123C74F36E4C1F926001CEADA9CA97EA622B25F41E5EB2,12868938uosmo"
osmo168j8pgmcng2xx83y8f6hmd75lu7n2rryeluczh,712,"2347255ibc/D1542AA8762DB13087D8364F3EA6509FD6F009A34F00426AF9E4F9FA85CBBF1F,629265207uosmo","2280467ibc/D1542AA8762DB13087D8364F3EA6509FD6F009A34F00426AF9E4F9FA85CBBF1F,632610295uosmo"
osmo16cemgtx5cwuxzfprp7zg96pmkpkhzzyffh5up3,712,"7711ibc/D1542AA8762DB13087D8364F3EA6509FD6F009A34F00426AF9E4F9FA85CBBF1F,2067351uosmo","66174ibc/D1542AA8762DB13087D8364F3EA6509FD6F009A34F00426AF9E4F9FA85CBBF1F,18357141uosmo"
osmo16h0yyryfjmmhgj3ct6ndl7gcy4r3krf0gfrzky,1,"490587ibc/27394FB092D2ECCD56123C74F36E4C1F926001CEADA9CA97EA622B25F41E5EB2,3837496uosmo","1257302ibc/27394FB092D2ECCD56123C74F36E4C1F926001CEADA9CA97EA622B25F41E5EB2,10592548uosmo"
osmo16q8txa0wqlwqv0entkdzg0jhtmsv84zxskaa5l,712,"6904ibc/D1542AA8762DB13087D8364F3EA6509FD6F009A34F00426AF9E4F9FA85CBBF1F,1850970uosmo","17333ibc/D1542AA8762DB13087D8364F3EA6509FD6F009A34F00426AF9E4F9FA85CBBF1F,4808431uosmo"
osmo174wunrwwq7rfxq363lg62vxnv0h5lzaqg7q00g,1,"196376ibc/27394FB092D2ECCD56123C74F36E4C1F926001CEADA9CA97EA622B25F41E5EB2,1536097uosmo","1074730ibc/27394FB092D2ECCD56123C74F36E4C1F926001CEADA9CA97EA622B25F41E5EB2,9054416uosmo"
osmo175fm40ejc9svlampmjee3ee3wzn6qj55nvl7rv,1,"50530ibc/27394FB092D2ECCD56123C74F36E4C1F926001CEADA9CA97EA622B25F41E5EB2,395255uosmo","59674ibc/27394FB092D2ECCD56123C74F36E4C1F926001CEADA9CA97EA622B25F41E5EB2,502744uosmo"
osmo17a6wlqksl4l0dg8dw07rfs2cyfgalarv7670c8,678,"181303ibc/D189335C6E4A68B513C10AB227BF1C1D38C746766278BA3EEB4FB14124F1D858,159524uosmo","729569ibc/D189335C6E4A68B513C10AB227BF1C1D38C746766278BA3EEB4FB14124F1D858,652503uosmo"
osmo17e827n4m2qwt2xrzts60w9mtesexcpxzwzuzcd,1,"26525ibc/27394FB092D2ECCD56123C74F36E4C1F926001CEADA9CA97EA622B25F41E5EB2,207486uosmo","421353ibc/27394FB092D2ECCD56123C74F36E4C1F926001CEADA9CA97EA622B25F41E5EB2,3549825uosmo"
osmo17j28rhfraz6mtflue6cp6kz4hct605u6nk0ll2,678,"11606864ibc/D189335C6E4A68B513C10AB227BF1C1D38C746766278BA3EEB4FB14124F1D858,10212611uosmo","41561785ibc/D189335C6E4A68B513C10AB227BF1C1D38C746766278BA3EEB4FB14124F1D858,37171525uosmo"
osmo17j28rhfraz6mtflue6cp6kz4hct605u6nk0ll2,712,"46690ibc/D1542AA8762DB13087D8364F3EA6509FD6F009A34F00426AF9E4F9FA85CBBF1F,12517007uosmo","60118ibc/D1542AA8762DB13087D8364F3EA6509FD6F009A34F00426AF9E4F9FA85CBBF1F,16677204uosmo"
osmo17j675mzjnf5ud7ynphf9xp2ra8jzg3zylhlkte,712,"35971ibc/D1542AA8762DB13087D8364F3EA6509FD6F009A34F00426AF9E4F9FA85CBBF1F,9643296uosmo","167671ibc/D1542AA8762DB13087D8364F3EA6509FD6F009A34F00426AF9E4F9FA85CBBF1F,46512773uosmo"
osmo17ru8u24jzyl02dfg8nf6cd9d4x6zx4cwz7rrw6,712,"11262ibc/D1542AA8762DB13087D8364F3EA6509FD6F009A34F00426AF9E4F9FA85CBBF1F,3019328uosmo","17358ibc/D1542AA8762DB13087D8364F3EA6509FD6F009A34F00426AF9E4F9FA85CBBF1F,4815420uosmo"
osmo17u2jm3yx67mg5udl9keh5nq6gddpfjn5fydx88,704,"8765507401631053ibc/EA1D43981D5C9A1C4AAEA9C23BB1D4FA126BA9BC7020A25E0AE4AA841EA25DC5,13710662uosmo","84177004251087527ibc/EA1D43981D5C9A1C4AAEA9C23BB1D4FA126BA9BC7020A25E0AE4AA841EA25DC5,137206467uosmo"
osmo17w55ykyx4nj3vzju2nju42xnfpe50rzxt8fe7t,712,"5982ibc/D1542AA8762DB13087D8364F3EA6509FD6F009A34F00426AF9E4F9FA85CBBF1F,1603542uosmo","48853ibc/D1542AA8762DB13087D8364F3EA6509FD6F009A34F00426AF9E4F9FA85CBBF1F,13552038uosmo"
osmo17wklrv0g6y0vw0cc88fn07h3hg90fjylpkxxcj,678,"6173490ibc/D189335C6E4A68B513C10AB227BF1C1D38C746766278BA3EEB4FB14124F1D858,5431911uosmo","41663956ibc/D189335C6E4A68B513C10AB227BF1C1D38C746766278BA3EEB4FB14124F1D858,37262904uosmo"
osmo18fk8pzdg36gwnkheuwaekwag0p69ed8cytynnq,678,"78316ibc/D189335C6E4A68B513C10AB227BF1C1D38C746766278BA3EEB4FB14124F1D858,68908uosmo","528658ibc/D189335C6E4A68B513C10AB227BF1C1D38C746766278BA3EEB4FB14124F1D858,472814uosmo"
osmo18fk8pzdg36gwnkheuwaekwag0p69ed8cytynnq,712,"211ibc/D1542AA8762DB13087D8364F3EA6509FD6F009A34F00426AF9E4F9FA85CBBF1F,56524uosmo","1793ibc/D1542AA8762DB13087D8364F3EA6509FD6F009A34F00426AF9E4F9FA85CBBF1F,497449uosmo"
osmo18p3f0223j9mmxv07rs7hsvha5gs6dnrep2gqkl,1,"406601ibc/27394FB092D2ECCD56123C74F36E4C1F926001CEADA9CA97EA622B25F41E5EB2,3180532uosmo","2967261ibc/27394FB092D2ECCD56123C74F36E4C1F926001CEADA9CA97EA622B25F41E5EB2,24998650uosmo"
osmo18pd2gvh3qly9xt0jrmsr9hyedf48ege02mhmsm,712,"91100ibc/D1542AA8762DB13087D8364F3EA6509FD6F009A34F00426AF9E4F9FA85CBBF1F,24422694uosmo","875634ibc/D1542AA8762DB13087D8364F3EA6509FD6F009A34F00426AF9E4F9FA85CBBF1F,242904266uosmo"
osmo18qx59wy8s3ytax3e0akna934e86mw776vlzjtq,704,"24632756664325280ibc/EA1D43981D5C9A1C4AAEA9C23BB1D4FA126BA9BC7020A25E0AE4AA841EA25DC5,38529589uosmo","81867265776873079901ibc/EA1D43981D5C9A1C4AAEA9C23BB1D4FA126BA9BC7020A25E0AE4AA841EA25DC5,127830630838uosmo"
osmo18qx59wy8s3ytax3e0akna934e86mw776vlzjtq,712,"364486ibc/D1542AA8762DB13087D8364F3EA6509FD6F009A34F00426AF9E4F9FA85CBBF1F,97713593uosmo","492228186ibc/D1542AA8762DB13087D8364F3EA6509FD6F009A34F00426AF9E4F9FA85CBBF1F,131083804714uosmo"
osmo18r8kd2znaz5pssmw2fyps4htph7gvpndxnfh3l,1,"59120ibc/27394FB092D2ECCD56123C74F36E4C1F926001CEADA9CA97EA622B25F41E5EB2,462450uosmo","939192ibc/27394FB092D2ECCD56123C74F36E4C1F926001CEADA9CA97EA622B25F41E5EB2,7912528uosmo"
osmo18uvx9qty0n34z5kmgtjhl87f0njkzf06sz2smk,712,"3086ibc/D1542AA8762DB13087D8364F3EA6509FD6F009A34F00426AF9E4F9FA85CBBF1F,827160uosmo","20114ibc/D1542AA8762DB13087D8364F3EA6509FD6F009A34F00426AF9E4F9FA85CBBF1F,5579782uosmo"
osmo18y3ntd3tvccdunk9068rndjarhrpg66gh8h7tx,1,"5788ibc/27394FB092D2ECCD56123C74F36E4C1F926001CEADA9CA97EA622B25F41E5EB2,45274uosmo","43011ibc/27394FB092D2ECCD56123C74F36E4C1F926001CEADA9CA97EA622B25F41E5EB2,362362uosmo"
osmo192pxz2vc4hcmg84p60n3ruq66w52dkq7a5vkp3,678,"9078363ibc/D189335C6E4A68B513C10AB227BF1C1D38C746766278BA3EEB4FB14124F1D858,7987841uosmo","41848358ibc/D189335C6E4A68B513C10AB227BF1C1D38C746766278BA3EEB4FB14124F1D858,37427828uosmo"
osmo192sqr9wuhapxdm6hhsmc55v4472wgz64n6uynk,712,"25484ibc/D1542AA8762DB13087D8364F3EA6509FD6F009A34F00426AF9E4F9FA85CBBF1F,6832000uosmo","208074ibc/D1542AA8762DB13087D8364F3EA6509FD6F009A34F00426AF9E4F9FA85CBBF1F,57720528uosmo"
osmo19mea5ax9svvypex0p3jretm7yex4m6870wan9s,712,"13ibc/D1542AA8762DB13087D8364F3EA6509FD6F009A34F00426AF9E4F9FA85CBBF1F,3480uosmo","105ibc/D1542AA8762DB13087D8364F3EA6509FD6F009A34F00426AF9E4F9FA85CBBF1F,29317uosmo"
osmo19vjw6c4svl3yczkgmk76ar3tulx8zm085up940,712,"6909ibc/D1542AA8762DB13087D8364F3EA6509FD6F009A34F00426AF9E4F9FA85CBBF1F,1854056uosmo","12543ibc/D1542AA8762DB13087D8364F3EA6509FD6F009A34F00426AF9E4F9FA85CBBF1F,3479487uosmo"
osmo1a3nm66sw7ejp454azqem2d88g5m7lc6d9pzgcg,704,"59060467358298ibc/EA1D43981D5C9A1C4AAEA9C23BB1D4FA126BA9BC7020A25E0AE4AA841EA25DC5,92380uosmo","1145815060955174ibc/EA1D43981D5C9A1C4AAEA9C23BB1D4FA126BA9BC7020A25E0AE4AA841EA25DC5,1867650uosmo"
osmo1a43ge4jnh0xjymrguu5csfyzzpj5f0m9eawwmp,704,"8150977151152ibc/EA1D43981D5C9A1C4AAEA9C23BB1D4FA126BA9BC7020A25E0AE4AA841EA25DC5,12750uosmo","31161735608219ibc/EA1D43981D5C9A1C4AAEA9C23BB1D4FA126BA9BC7020A25E0AE4AA841EA25DC5,50792uosmo"
osmo1a4dsrnxz6r8f6xsz4ll8z4dtshapkzcqcnfgg6,1,"580019ibc/27394FB092D2ECCD56123C74F36E4C1F926001CEADA9CA97EA622B25F41E5EB2,4537050uosmo","737876ibc/27394FB092D2ECCD56123C74F36E4C1F926001CEADA9CA97EA622B25F41E5EB2,6216476uosmo"
osmo1a5fdjkm0gyyq4p88uuxadk49xe79dj2gwc4vgk,678,"44266702ibc/D189335C6E4A68B513C10AB227BF1C1D38C746766278BA3EEB4FB14124F1D858,38949244uosmo","300567631ibc/D189335C6E4A68B513C10AB227BF1C1D38C746766278BA3EEB4FB14124F1D858,268818036uosmo"
osmo1adk4lg8sk02j4nkegkvnjnpz30ex9tyqd5n4ew,1,"17410145ibc/27394FB092D2ECCD56123C74F36E4C1F926001CEADA9CA97EA622B25F41E5EB2,136186482uosmo","19392258ibc/27394FB092D2ECCD56123C74F36E4C1F926001CEADA9CA97EA622B25F41E5EB2,163376323uosmo"
osmo1awp2t26zqpvzy3xn9lp6362jvu7q42jheemmrc,1,"524316ibc/27394FB092D2ECCD56123C74F36E4C1F926001CEADA9CA97EA622B25F41E5EB2,4101327uosmo","8328896ibc/27394FB092D2ECCD56123C74F36E4C1F926001CEADA9CA97EA622B25F41E5EB2,70169468uosmo"
osmo1awvr6yq3v5v4z625elhphet4yj20954huct8az,678,"34381379ibc/D189335C6E4A68B513C10AB227BF1C1D38C746766278BA3EEB4FB14124F1D858,30251378uosmo","232214169ibc/D189335C6E4A68B513C10AB227BF1C1D38C746766278BA3EEB4FB14124F1D858,207684896uosmo"
osmo1axmpg8gs9ptxds5eweyhhhm33gudd5v290fsf8,1,"1006ibc/27394FB092D2ECCD56123C74F36E4C1F926001CEADA9CA97EA622B25F41E5EB2,7871uosmo","950ibc/27394FB092D2ECCD56123C74F36E4C1F926001CEADA9CA97EA622B25F41E5EB2,8007uosmo"
osmo1axmpg8gs9ptxds5eweyhhhm33gudd5v290fsf8,704,"1793528441900ibc/EA1D43981D5C9A1C4AAEA9C23BB1D4FA126BA9BC7020A25E0AE4AA841EA25DC5,2805uosmo","34788502026170ibc/EA1D43981D5C9A1C4AAEA9C23BB1D4FA126BA9BC7020A25E0AE4AA841EA25DC5,56704uosmo"
osmo1azeezpnwsde5yy6pacjrc6hjydlpta3f5z8rz5,1,"8042172ibc/27394FB092D2ECCD56123C74F36E4C1F926001CEADA9CA97EA622B25F41E5EB2,62907868uosmo","123716483ibc/27394FB092D2ECCD56123C74F36E4C1F926001CEADA9CA97EA622B25F41E5EB2,1042289345uosmo"
osmo1c007387yry65h9x8lfr8fxpre0k6g952edghmf,712,"23072ibc/D1542AA8762DB13087D8364F3EA6509FD6F009A34F00426AF9E4F9FA85CBBF1F,6185218uosmo","198040ibc/D1542AA8762DB13087D8364F3EA6509FD6F009A34F00426AF9E4F9FA85CBBF1F,54937160uosmo"
osmo1c0alv5xczff9w3jqlpz9cy0w9pmql0fqnjvwzw,712,"14821ibc/D1542AA8762DB13087D8364F3EA6509FD6F009A34F00426AF9E4F9FA85CBBF1F,3973275uosmo","21097ibc/D1542AA8762DB13087D8364F3EA6509FD6F009A34F00426AF9E4F9FA85CBBF1F,5852501uosmo"
osmo1c4awx8t00jkayepzkpn5akpwllgpkj4evhvyc6,1,"59106ibc/27394FB092D2ECCD56123C74F36E4C1F926001CEADA9CA97EA622B25F41E5EB2,462341uosmo","938945ibc/27394FB092D2ECCD56123C74F36E4C1F926001CEADA9CA97EA622B25F41E5EB2,7910451uosmo"
osmo1c5txl47ea73x9g535lefzs8u6engjrss4tr60p,1,"34446ibc/27394FB092D2ECCD56123C74F36E4C1F926001CEADA9CA97EA622B25F41E5EB2,269366uosmo","243547ibc/27394FB092D2ECCD56123C74F36E4C1F926001CEADA9CA97EA622B25F41E5EB2,2051844uosmo"
osmo1cfts4zw4w8mcuu3z8qwlmqkt5jhwpu7tynv3tz,1,"2366437ibc/27394FB092D2ECCD56123C74F36E4C1F926001CEADA9CA97EA622B25F41E5EB2,18510859uosmo","28848626ibc/27394FB092D2ECCD56123C74F36E4C1F926001CEADA9CA97EA622B25F41E5EB2,243044538uosmo"
osmo1cfts4zw4w8mcuu3z8qwlmqkt5jhwpu7tynv3tz,678,"43327665ibc/D189335C6E4A68B513C10AB227BF1C1D38C746766278BA3EEB4FB14124F1D858,38123007uosmo","292536663ibc/D189335C6E4A68B513C10AB227BF1C1D38C746766278BA3EEB4FB14124F1D858,261635397uosmo"
osmo1cm9al6m8d02yrhc6n8v5z80c0rmnljsf7wjfsy,678,"6898770ibc/D189335C6E4A68B513C10AB227BF1C1D38C746766278BA3EEB4FB14124F1D858,6070068uosmo","32030231ibc/D189335C6E4A68B513C10AB227BF1C1D38C746766278BA3EEB4FB14124F1D858,28646810uosmo"
osmo1cu674e4ezhs4drg6sxn3d32mv7h3r2ns9v9mvj,1,"91376ibc/27394FB092D2ECCD56123C74F36E4C1F926001CEADA9CA97EA622B25F41E5EB2,714766uosmo","233721ibc/27394FB092D2ECCD56123C74F36E4C1F926001CEADA9CA97EA622B25F41E5EB2,1969062uosmo"
osmo1cu674e4ezhs4drg6sxn3d32mv7h3r2ns9v9mvj,704,"702091056709028ibc/EA1D43981D5C9A1C4AAEA9C23BB1D4FA126BA9BC7020A25E0AE4AA841EA25DC5,1098183uosmo","1001343699844211ibc/EA1D43981D5C9A1C4AAEA9C23BB1D4FA126BA9BC7020A25E0AE4AA841EA25DC5,1632165uosmo"
osmo1cvz2pv0sl3nhpazn2kdux03pkq7js8sn7pwjf8,1,"29388ibc/27394FB092D2ECCD56123C74F36E4C1F926001CEADA9CA97EA622B25F41E5EB2,229882uosmo","466771ibc/27394FB092D2ECCD56123C74F36E4C1F926001CEADA9CA97EA622B25F41E5EB2,3932469uosmo"
osmo1cxyl02m4r5jqs78qjagpujqqvx5ykflfvyqz5r,712,"63196ibc/D1542AA8762DB13087D8364F3EA6509FD6F009A34F00426AF9E4F9FA85CBBF1F,16942048uosmo","291052ibc/D1542AA8762DB13087D8364F3EA6509FD6F009A34F00426AF9E4F9FA85CBBF1F,80739116uosmo"
osmo1d0s79etshxcf8gj9smq2tyvuzrshnzzjncja0v,712,"21601ibc/D1542AA8762DB13087D8364F3EA6509FD6F009A34F00426AF9E4F9FA85CBBF1F,5791054uosmo","30082ibc/D1542AA8762DB13087D8364F3EA6509FD6F009A34F00426AF9E4F9FA85CBBF1F,8345091uosmo"
osmo1d6rsvl8hznv0f5w5r22tplnpajekw4w5u5lwu7,704,"642424951762230ibc/EA1D43981D5C9A1C4AAEA9C23BB1D4FA126BA9BC7020A25E0AE4AA841EA25DC5,1004856uosmo","12462227306665416ibc/EA1D43981D5C9A1C4AAEA9C23BB1D4FA126BA9BC7020A25E0AE4AA841EA25DC5,20313127uosmo"
osmo1d6rsvl8hznv0f5w5r22tplnpajekw4w5u5lwu7,712,"8690ibc/D1542AA8762DB13087D8364F3EA6509FD6F009A34F00426AF9E4F9FA85CBBF1F,2329614uosmo","74553ibc/D1542AA8762DB13087D8364F3EA6509FD6F009A34F00426AF9E4F9FA85CBBF1F,20681538uosmo"
osmo1d6z386l0prh50lh6ju9harvx6hzq400h3jzztf,1,"26309ibc/27394FB092D2ECCD56123C74F36E4C1F926001CEADA9CA97EA622B25F41E5EB2,205793uosmo","417892ibc/27394FB092D2ECCD56123C74F36E4C1F926001CEADA9CA97EA622B25F41E5EB2,3520670uosmo"
osmo1dhr7zha4s5cppe2tc2h2ps3v6mx6n8j2zk3gs8,678,"131035088ibc/D189335C6E4A68B513C10AB227BF1C1D38C746766278BA3EEB4FB14124F1D858,115294736uosmo","171191971ibc/D189335C6E4A68B513C10AB227BF1C1D38C746766278BA3EEB4FB14124F1D858,153108601uosmo"
osmo1dlyc338nvxwkv39cya0lc9hn6h0aut7274erua,712,"36885ibc/D1542AA8762DB13087D8364F3EA6509FD6F009A34F00426AF9E4F9FA85CBBF1F,9888214uosmo","339556ibc/D1542AA8762DB13087D8364F3EA6509FD6F009A34F00426AF9E4F9FA85CBBF1F,94194134uosmo"
osmo1dq925j7smjydges9s9ecy64fxdush2nu4cyrax,704,"66123259270008ibc/EA1D43981D5C9A1C4AAEA9C23BB1D4FA126BA9BC7020A25E0AE4AA841EA25DC5,103428uosmo","1282566355196897ibc/EA1D43981D5C9A1C4AAEA9C23BB1D4FA126BA9BC7020A25E0AE4AA841EA25DC5,2090551uosmo"
osmo1e2h92rpz4vwthzss79k0hta8mgtk65h4zk2vnc,678,"942817ibc/D189335C6E4A68B513C10AB227BF1C1D38C746766278BA3EEB4FB14124F1D858,829562uosmo","6364368ibc/D189335C6E4A68B513C10AB227BF1C1D38C746766278BA3EEB4FB14124F1D858,5692086uosmo"
osmo1eftlpu2vwzpuwtr9pwms75uendae8pqdpktn2v,678,"2980733ibc/D189335C6E4A68B513C10AB227BF1C1D38C746766278BA3EEB4FB14124F1D858,2622679uosmo","17667816ibc/D189335C6E4A68B513C10AB227BF1C1D38C746766278BA3EEB4FB14124F1D858,15801527uosmo"
osmo1egjuakm03whmz3pjahrdlf3slnq9rc9zmv83m8,678,"476594ibc/D189335C6E4A68B513C10AB227BF1C1D38C746766278BA3EEB4FB14124F1D858,419344uosmo","586232ibc/D189335C6E4A68B513C10AB227BF1C1D38C746766278BA3EEB4FB14124F1D858,524307uosmo"
osmo1ej0plksfdwgf303s9x9wqxdtdhnpzhzzead9u4,678,"4745ibc/D189335C6E4A68B513C10AB227BF1C1D38C746766278BA3EEB4FB14124F1D858,4175uosmo","32027ibc/D189335C6E4A68B513C10AB227BF1C1D38C746766278BA3EEB4FB14124F1D858,28644uosmo"
osmo1em4cgc7zycemw0st7k9z2wtxk4k8aq0fl9w7dh,1,"59120ibc/27394FB092D2ECCD56123C74F36E4C1F926001CEADA9CA97EA622B25F41E5EB2,462450uosmo","939191ibc/27394FB092D2ECCD56123C74F36E4C1F926001CEADA9CA97EA622B25F41E5EB2,7912523uosmo"
osmo1ew4ezkyx96zwey29s37qpzsv9pg3fjnmr82xd6,678,"1070822ibc/D189335C6E4A68B513C10AB227BF1C1D38C746766278BA3EEB4FB14124F1D858,942192uosmo","7231507ibc/D189335C6E4A68B513C10AB227BF1C1D38C746766278BA3EEB4FB14124F1D858,6467627uosmo"
osmo1ey67pvamgg0hfv7q72zkfcf9nrw927f5akhp8y,1,"29272ibc/27394FB092D2ECCD56123C74F36E4C1F926001CEADA9CA97EA622B25F41E5EB2,228974uosmo","464924ibc/27394FB092D2ECCD56123C74F36E4C1F926001CEADA9CA97EA622B25F41E5EB2,3916902uosmo"
osmo1ey67pvamgg0hfv7q72zkfcf9nrw927f5akhp8y,678,"25899986ibc/D189335C6E4A68B513C10AB227BF1C1D38C746766278BA3EEB4FB14124F1D858,22788797uosmo","174803089ibc/D189335C6E4A68B513C10AB227BF1C1D38C746766278BA3EEB4FB14124F1D858,156338269uosmo"
osmo1ey67pvamgg0hfv7q72zkfcf9nrw927f5akhp8y,712,"6580ibc/D1542AA8762DB13087D8364F3EA6509FD6F009A34F00426AF9E4F9FA85CBBF1F,1763981uosmo","53662ibc/D1542AA8762DB13087D8364F3EA6509FD6F009A34F00426AF9E4F9FA85CBBF1F,14886217uosmo"
osmo1f4t5qmrjtsdvc7wphedlqc76gyfhj0aslrkuk5,1,"33800ibc/27394FB092D2ECCD56123C74F36E4C1F926001CEADA9CA97EA622B25F41E5EB2,264392uosmo","536889ibc/27394FB092D2ECCD56123C74F36E4C1F926001CEADA9CA97EA622B25F41E5EB2,4523199uosmo"
osmo1f8xye7qclcwtd9wwp2l2gey79qckacxnvm37mp,1,"387216ibc/27394FB092D2ECCD56123C74F36E4C1F926001CEADA9CA97EA622B25F41E5EB2,3028896uosmo","6150721ibc/27394FB092D2ECCD56123C74F36E4C1F926001CEADA9CA97EA622B25F41E5EB2,51818735uosmo"
osmo1feh8mze5yn0760kka9pf4halxm0wx0lcw9073r,712,"60305ibc/D1542AA8762DB13087D8364F3EA6509FD6F009A34F00426AF9E4F9FA85CBBF1F,16166913uosmo","525125ibc/D1542AA8762DB13087D8364F3EA6509FD6F009A34F00426AF9E4F9FA85CBBF1F,145671797uosmo"
osmo1fg4k093gpta9j55pyv2w5rc89qn5nea5a4qjhh,712,"4297ibc/D1542AA8762DB13087D8364F3EA6509FD6F009A34F00426AF9E4F9FA85CBBF1F,1151937uosmo","16343ibc/D1542AA8762DB13087D8364F3EA6509FD6F009A34F00426AF9E4F9FA85CBBF1F,4533629uosmo"
osmo1fggxxx5d0sweulpvzkrxcdngemqe2eydmrtnlg,1,"72282ibc/27394FB092D2ECCD56123C74F36E4C1F926001CEADA9CA97EA622B25F41E5EB2,565406uosmo","1148142ibc/27394FB092D2ECCD56123C74F36E4C1F926001CEADA9CA97EA622B25F41E5EB2,9672893uosmo"
osmo1fhe0rmrdzpnw78s5uej9znvjkskcs3m3k9m8xy,1,"2760259ibc/27394FB092D2ECCD56123C74F36E4C1F926001CEADA9CA97EA622B25F41E5EB2,21591430uosmo","3510850ibc/27394FB092D2ECCD56123C74F36E4C1F926001CEADA9CA97EA622B25F41E5EB2,29578287uosmo"
osmo1fhezjhpz3qxzmumvmsfw98favl8920waxk0mtg,1,"10065ibc/27394FB092D2ECCD56123C74F36E4C1F926001CEADA9CA97EA622B25F41E5EB2,78729uosmo","18719ibc/27394FB092D2ECCD56123C74F36E4C1F926001CEADA9CA97EA622B25F41E5EB2,157710uosmo"
osmo1fj9x6ft04dvuaw83xfwde4nlzgnczx7s8fpjwu,712,"143920ibc/D1542AA8762DB13087D8364F3EA6509FD6F009A34F00426AF9E4F9FA85CBBF1F,38582802uosmo","180576ibc/D1542AA8762DB13087D8364F3EA6509FD6F009A34F00426AF9E4F9FA85CBBF1F,50092556uosmo"
osmo1fncj2sy5z949ge7p5c6cxu4v6zl2m8aty02zkf,1,"7396100ibc/27394FB092D2ECCD56123C74F36E4C1F926001CEADA9CA97EA622B25F41E5EB2,57854135uosmo","7308703ibc/27394FB092D2ECCD56123C74F36E4C1F926001CEADA9CA97EA622B25F41E5EB2,61574527uosmo"
osmo1fpwhmczw349xjlwwmxhwggdnjs949tscflk8xa,678,"1177039ibc/D189335C6E4A68B513C10AB227BF1C1D38C746766278BA3EEB4FB14124F1D858,1035650uosmo","1913498ibc/D189335C6E4A68B513C10AB227BF1C1D38C746766278BA3EEB4FB14124F1D858,1711371uosmo"
osmo1fulw4yz5shyqn6jwy9qlzf9pxva32vex003q28,712,"21053ibc/D1542AA8762DB13087D8364F3EA6509FD6F009A34F00426AF9E4F9FA85CBBF1F,5643991uosmo","28162ibc/D1542AA8762DB13087D8364F3EA6509FD6F009A34F00426AF9E4F9FA85CBBF1F,7812449uosmo"
osmo1fwww895w0kr3hsrcf6muvzpuhpv94tryeezvk7,704,"1302136232550399ibc/EA1D43981D5C9A1C4AAEA9C23BB1D4FA126BA9BC7020A25E0AE4AA841EA25DC5,2036750uosmo","4881332796848987ibc/EA1D43981D5C9A1C4AAEA9C23BB1D4FA126BA9BC7020A25E0AE4AA841EA25DC5,7956453uosmo"
osmo1g003ql3feflq94wyfkqc50z74d4cxvfz3p5nmy,712,"10700ibc/D1542AA8762DB13087D8364F3EA6509FD6F009A34F00426AF9E4F9FA85CBBF1F,2868505uosmo","91801ibc/D1542AA8762DB13087D8364F3EA6509FD6F009A34F00426AF9E4F9FA85CBBF1F,25466202uosmo"
osmo1g66a5sn0fgfw9wskzvlw39rsxgq9lqd6alweck,678,"61630571ibc/D189335C6E4A68B513C10AB227BF1C1D38C746766278BA3EEB4FB14124F1D858,54227310uosmo","93469450ibc/D189335C6E4A68B513C10AB227BF1C1D38C746766278BA3EEB4FB14124F1D858,83596074uosmo"
osmo1g87yhj6g3mjajlew5s6flrvw574hk2czxmpg38,712,"5302ibc/D1542AA8762DB13087D8364F3EA6509FD6F009A34F00426AF9E4F9FA85CBBF1F,1421214uosmo","46503ibc/D1542AA8762DB13087D8364F3EA6509FD6F009A34F00426AF9E4F9FA85CBBF1F,12900205uosmo"
osmo1guvtl2svetjkwwgwldm8gsqk4h40dw5c2t984a,1,"360500ibc/27394FB092D2ECCD56123C74F36E4C1F926001CEADA9CA97EA622B25F41E5EB2,2819921uosmo","5726337ibc/27394FB092D2ECCD56123C74F36E4C1F926001CEADA9CA97EA622B25F41E5EB2,48243371uosmo"
osmo1h5dwmh69rcmhjxclzjtccjsxdprazsaa9z8q0k,1,"313824ibc/27394FB092D2ECCD56123C74F36E4C1F926001CEADA9CA97EA622B25F41E5EB2,2454810uosmo","417351ibc/27394FB092D2ECCD56123C74F36E4C1F926001CEADA9CA97EA622B25F41E5EB2,3516110uosmo"
osmo1hdqytyujf0fshlapudv7j6fp4ewtge6ckvczjm,712,"64400ibc/D1542AA8762DB13087D8364F3EA6509FD6F009A34F00426AF9E4F9FA85CBBF1F,17264831uosmo","498888ibc/D1542AA8762DB13087D8364F3EA6509FD6F009A34F00426AF9E4F9FA85CBBF1F,138393544uosmo"
osmo1hxadwapaz75v9zclps9ad0uhpckxdlwmyh5w0h,712,"25621ibc/D1542AA8762DB13087D8364F3EA6509FD6F009A34F00426AF9E4F9FA85CBBF1F,6868511uosmo","209020ibc/D1542AA8762DB13087D8364F3EA6509FD6F009A34F00426AF9E4F9FA85CBBF1F,57983081uosmo"
osmo1j7gme9jqtlczwlr3725xwc09s63ksnqlre85r2,704,"6286385429639147ibc/EA1D43981D5C9A1C4AAEA9C23BB1D4FA126BA9BC7020A25E0AE4AA841EA25DC5,9832917uosmo","39303245829657189ibc/EA1D43981D5C9A1C4AAEA9C23BB1D4FA126BA9BC7020A25E0AE4AA841EA25DC5,64063333uosmo"
osmo1jc5n4ckavk0f8zevxvjmwhe7sdq68w47fr2305,1,"29175ibc/27394FB092D2ECCD56123C74F36E4C1F926001CEADA9CA97EA622B25F41E5EB2,228215uosmo","463449ibc/27394FB092D2ECCD56123C74F36E4C1F926001CEADA9CA97EA622B25F41E5EB2,3904483uosmo"
osmo1jdg2z93syecmshvs5m4zelnkpkwfr63k5n5x73,712,"1661ibc/D1542AA8762DB13087D8364F3EA6509FD6F009A34F00426AF9E4F9FA85CBBF1F,445237uosmo","13561ibc/D1542AA8762DB13087D8364F3EA6509FD6F009A34F00426AF9E4F9FA85CBBF1F,3761953uosmo"
osmo1jdh7eeyaar0tyask0r6w2228uh5wrd0pxtcfwr,1,"562561ibc/27394FB092D2ECCD56123C74F36E4C1F926001CEADA9CA97EA622B25F41E5EB2,4400493uosmo","24416738ibc/27394FB092D2ECCD56123C74F36E4C1F926001CEADA9CA97EA622B25F41E5EB2,201423711uosmo"
osmo1jdh7eeyaar0tyask0r6w2228uh5wrd0pxtcfwr,678,"36859441ibc/D189335C6E4A68B513C10AB227BF1C1D38C746766278BA3EEB4FB14124F1D858,32431768uosmo","35942912555ibc/D189335C6E4A68B513C10AB227BF1C1D38C746766278BA3EEB4FB14124F1D858,31482029660uosmo"
osmo1jervkwqdzk8rk38q7ffl40jguhexm329ddu2zw,712,"12610ibc/D1542AA8762DB13087D8364F3EA6509FD6F009A34F00426AF9E4F9FA85CBBF1F,3380376uosmo","12886ibc/D1542AA8762DB13087D8364F3EA6509FD6F009A34F00426AF9E4F9FA85CBBF1F,3574670uosmo"
osmo1jsr2m6pdl33xvzpf6lthprr7tlt5hzkudgptjq,704,"299203695123938ibc/EA1D43981D5C9A1C4AAEA9C23BB1D4FA126BA9BC7020A25E0AE4AA841EA25DC5,468003uosmo","864698159435448ibc/EA1D43981D5C9A1C4AAEA9C23BB1D4FA126BA9BC7020A25E0AE4AA841EA25DC5,1409436uosmo"
osmo1jtugk5agsqu6wf8wrfslyszwthsw7yt5z0xqhg,678,"320842ibc/D189335C6E4A68B513C10AB227BF1C1D38C746766278BA3EEB4FB14124F1D858,282302uosmo","2165808ibc/D189335C6E4A68B513C10AB227BF1C1D38C746766278BA3EEB4FB14124F1D858,1937029uosmo"
osmo1jyufchym0rk80ddmfelhpeec2k5qn7n5fyzegg,1,"282895ibc/27394FB092D2ECCD56123C74F36E4C1F926001CEADA9CA97EA622B25F41E5EB2,2212874uosmo","4493186ibc/27394FB092D2ECCD56123C74F36E4C1F926001CEADA9CA97EA622B25F41E5EB2,37854298uosmo"
osmo1k35rez5ld5xfntahvsmdjkuw28pg4dy5aqvn85,712,"25095ibc/D1542AA8762DB13087D8364F3EA6509FD6F009A34F00426AF9E4F9FA85CBBF1F,6727692uosmo","207430ibc/D1542AA8762DB13087D8364F3EA6509FD6F009A34F00426AF9E4F9FA85CBBF1F,57541877uosmo"
osmo1kcffjf3y5p65qv9yt9j7pn0e7v3h43kcxhaky4,1,"147089ibc/27394FB092D2ECCD56123C74F36E4C1F926001CEADA9CA97EA622B25F41E5EB2,1150562uosmo","2336516ibc/27394FB092D2ECCD56123C74F36E4C1F926001CEADA9CA97EA622B25F41E5EB2,19684736uosmo"
osmo1klmkrcz8el7jr3waczxgptfuhd5cj0ej4s2yw2,712,"5466ibc/D1542AA8762DB13087D8364F3EA6509FD6F009A34F00426AF9E4F9FA85CBBF1F,1465176uosmo","21830ibc/D1542AA8762DB13087D8364F3EA6509FD6F009A34F00426AF9E4F9FA85CBBF1F,6055888uosmo"
osmo1kmmqf8e4qqfq7gqfdj7qwk3sjrpt6cgzlh4zzy,712,"3771ibc/D1542AA8762DB13087D8364F3EA6509FD6F009A34F00426AF9E4F9FA85CBBF1F,1010864uosmo","15339ibc/D1542AA8762DB13087D8364F3EA6509FD6F009A34F00426AF9E4F9FA85CBBF1F,4255232uosmo"
osmo1kr4cmq85lhc88q49v4wksqpgrdt6anl5qlee8a,678,"1351067ibc/D189335C6E4A68B513C10AB227BF1C1D38C746766278BA3EEB4FB14124F1D858,1188773uosmo","9122109ibc/D189335C6E4A68B513C10AB227BF1C1D38C746766278BA3EEB4FB14124F1D858,8158521uosmo"
osmo1kwwm2zln6z8lv30szcya5f9wnrdu6lamuhuq4c,1,"1099883ibc/27394FB092D2ECCD56123C74F36E4C1F926001CEADA9CA97EA622B25F41E5EB2,8603559uosmo","2343724ibc/27394FB092D2ECCD56123C74F36E4C1F926001CEADA9CA97EA622B25F41E5EB2,19745465uosmo"
osmo1ky9ccv8d7l0zjt98kpr4rmj366unmf6dy3aluh,712,"5499ibc/D1542AA8762DB13087D8364F3EA6509FD6F009A34F00426AF9E4F9FA85CBBF1F,1474080uosmo","47184ibc/D1542AA8762DB13087D8364F3EA6509FD6F009A34F00426AF9E4F9FA85CBBF1F,13089067uosmo"
osmo1l4zazvpdm6uplllq9vangmkj2ttkhlmx90rhqv,1,"29132ibc/27394FB092D2ECCD56123C74F36E4C1F926001CEADA9CA97EA622B25F41E5EB2,227874uosmo","462760ibc/27394FB092D2ECCD56123C74F36E4C1F926001CEADA9CA97EA622B25F41E5EB2,3898673uosmo"
osmo1l5nf5vws4h2w8zx9k6xnrwzzlp8e9zjxet9j9w,712,"42453ibc/D1542AA8762DB13087D8364F3EA6509FD6F009A34F00426AF9E4F9FA85CBBF1F,11381022uosmo","187133ibc/D1542AA8762DB13087D8364F3EA6509FD6F009A34F00426AF9E4F9FA85CBBF1F,51911674uosmo"
osmo1lk870e3usuz7pcwl02szqqd0rzjyf285m6n054,678,"94781904ibc/D189335C6E4A68B513C10AB227BF1C1D38C746766278BA3EEB4FB14124F1D858,83396400uosmo","119033377ibc/D189335C6E4A68B513C10AB227BF1C1D38C746766278BA3EEB4FB14124F1D858,106459630uosmo"
osmo1lr96tt6u0jmvfvladzq0dd808wmkqt88pg36dh,1,"1806311ibc/27394FB092D2ECCD56123C74F36E4C1F926001CEADA9CA97EA622B25F41E5EB2,14129418uosmo","2613667ibc/27394FB092D2ECCD56123C74F36E4C1F926001CEADA9CA97EA622B25F41E5EB2,22019680uosmo"
osmo1lvgxhqamdq8j9a7853uap5lg9j3tafw5gvx06u,678,"2486452ibc/D189335C6E4A68B513C10AB227BF1C1D38C746766278BA3EEB4FB14124F1D858,2187772uosmo","6251715ibc/D189335C6E4A68B513C10AB227BF1C1D38C746766278BA3EEB4FB14124F1D858,5591333uosmo"
osmo1lvxcql4c9yeec8spuaspeq5j5slnd27g6zdh0a,704,"152757587958255639ibc/EA1D43981D5C9A1C4AAEA9C23BB1D4FA126BA9BC7020A25E0AE4AA841EA25DC5,238937411uosmo","2953991272256795861ibc/EA1D43981D5C9A1C4AAEA9C23BB1D4FA126BA9BC7020A25E0AE4AA841EA25DC5,4814933845uosmo"
osmo1mj64cp8hqy94gkl4du6vltl4d5e2vl9ueutauc,1,"231091ibc/27394FB092D2ECCD56123C74F36E4C1F926001CEADA9CA97EA622B25F41E5EB2,1807646uosmo","2574285ibc/27394FB092D2ECCD56123C74F36E4C1F926001CEADA9CA97EA622B25F41E5EB2,21687899uosmo"
osmo1mmys3azcw9decct8e38w26zv9vz9q9u2e3dzrd,1,"4404ibc/27394FB092D2ECCD56123C74F36E4C1F926001CEADA9CA97EA622B25F41E5EB2,34455uosmo","69971ibc/27394FB092D2ECCD56123C74F36E4C1F926001CEADA9CA97EA622B25F41E5EB2,589499uosmo"
osmo1mps6xxwv99m7q2ecfmz9ya3lkc5ny2ttzdkkme,712,"34930ibc/D1542AA8762DB13087D8364F3EA6509FD6F009A34F00426AF9E4F9FA85CBBF1F,9364175uosmo","38591ibc/D1542AA8762DB13087D8364F3EA6509FD6F009A34F00426AF9E4F9FA85CBBF1F,10705446uosmo"
osmo1mwaclkwjfe4hdl0ly47682ppd3p9vfuzdrwaef,704,"332460080397237ibc/EA1D43981D5C9A1C4AAEA9C23BB1D4FA126BA9BC7020A25E0AE4AA841EA25DC5,520021uosmo","6451077995531440ibc/EA1D43981D5C9A1C4AAEA9C23BB1D4FA126BA9BC7020A25E0AE4AA841EA25DC5,10515100uosmo"
osmo1n0r5zq8a49dp29mheyjj7uc5ld5s4tm6fr6k2m,678,"66339794ibc/D189335C6E4A68B513C10AB227BF1C1D38C746766278BA3EEB4FB14124F1D858,58370847uosmo","447861846ibc/D189335C6E4A68B513C10AB227BF1C1D38C746766278BA3EEB4FB14124F1D858,400553253uosmo"
osmo1n0yf6xfv8gj4wxm78x2uelj3y6u2fhd6u47kxa,712,"5699ibc/D1542AA8762DB13087D8364F3EA6509FD6F009A34F00426AF9E4F9FA85CBBF1F,1527870uosmo","53428ibc/D1542AA8762DB13087D8364F3EA6509FD6F009A34F00426AF9E4F9FA85CBBF1F,14821142uosmo"
osmo1n36lj72rmwh7p95g7n0ggnr2ngq6ghpzwpkd88,678,"3077604ibc/D189335C6E4A68B513C10AB227BF1C1D38C746766278BA3EEB4FB14124F1D858,2707912uosmo","6929823ibc/D189335C6E4A68B513C10AB227BF1C1D38C746766278BA3EEB4FB14124F1D858,6197811uosmo"
osmo1n6mqdxjlwvda8zgcw5t503gprnhn6gvs787drw,704,"184458224973959ibc/EA1D43981D5C9A1C4AAEA9C23BB1D4FA126BA9BC7020A25E0AE4AA841EA25DC5,288522uosmo","1447903757985560ibc/EA1D43981D5C9A1C4AAEA9C23BB1D4FA126BA9BC7020A25E0AE4AA841EA25DC5,2360047uosmo"
osmo1nc705prrl66jnaszgkufny6py0g5ehlvml8xhz,678,"17636504ibc/D189335C6E4A68B513C10AB227BF1C1D38C746766278BA3EEB4FB14124F1D858,15517951uosmo","24554439ibc/D189335C6E4A68B513C10AB227BF1C1D38C746766278BA3EEB4FB14124F1D858,21960702uosmo"
osmo1nl09n46sfnk0z8jk33mvu9u6lz5ymqj4hmj84x,712,"2428523ibc/D1542AA8762DB13087D8364F3EA6509FD6F009A34F00426AF9E4F9FA85CBBF1F,651052160uosmo","10189399ibc/D1542AA8762DB13087D8364F3EA6509FD6F009A34F00426AF9E4F9FA85CBBF1F,2826578004uosmo"
osmo1nscqpyukjl80zvuz024aspry0rk60279q4enuj,712,"2018ibc/D1542AA8762DB13087D8364F3EA6509FD6F009A34F00426AF9E4F9FA85CBBF1F,541073uosmo","17170ibc/D1542AA8762DB13087D8364F3EA6509FD6F009A34F00426AF9E4F9FA85CBBF1F,4763050uosmo"
osmo1nvr4q6tjz983hmy8ax3hcsplkehjww3dggpuaj,678,"15420321ibc/D189335C6E4A68B513C10AB227BF1C1D38C746766278BA3EEB4FB14124F1D858,13567983uosmo","104121159ibc/D189335C6E4A68B513C10AB227BF1C1D38C746766278BA3EEB4FB14124F1D858,93122621uosmo"
osmo1nzqqnq3scw2qakr4qxw7fjs2vakvaff0ne539r,712,"10436ibc/D1542AA8762DB13087D8364F3EA6509FD6F009A34F00426AF9E4F9FA85CBBF1F,2797683uosmo","100305ibc/D1542AA8762DB13087D8364F3EA6509FD6F009A34F00426AF9E4F9FA85CBBF1F,27825190uosmo"
osmo1p4tfy2vf8y5vd85g9e82936tkh9l3h8h4cdxzu,1,"1389643ibc/27394FB092D2ECCD56123C74F36E4C1F926001CEADA9CA97EA622B25F41E5EB2,10870139uosmo","22075226ibc/27394FB092D2ECCD56123C74F36E4C1F926001CEADA9CA97EA622B25F41E5EB2,185979855uosmo"
osmo1p78tc6pffpwepws0h4q7q2j79z3uyerwva9seg,678,"60047ibc/D189335C6E4A68B513C10AB227BF1C1D38C746766278BA3EEB4FB14124F1D858,52834uosmo","110232ibc/D189335C6E4A68B513C10AB227BF1C1D38C746766278BA3EEB4FB14124F1D858,98588uosmo"
osmo1p7lxtuwq0plydqdu77e2dkwnh9wsr5gnwsv2qu,1,"29985ibc/27394FB092D2ECCD56123C74F36E4C1F926001CEADA9CA97EA622B25F41E5EB2,234556uosmo","511608ibc/27394FB092D2ECCD56123C74F36E4C1F926001CEADA9CA97EA622B25F41E5EB2,4310214uosmo"
osmo1p8ew2l88udgdam8qa7pa8ez9qyazljps38hm2a,712,"5142ibc/D1542AA8762DB13087D8364F3EA6509FD6F009A34F00426AF9E4F9FA85CBBF1F,1378626uosmo","5611ibc/D1542AA8762DB13087D8364F3EA6509FD6F009A34F00426AF9E4F9FA85CBBF1F,1556556uosmo"
osmo1pf56uwjsg6zh6jl8sahkt53385crwpyv525wja,1,"7969ibc/27394FB092D2ECCD56123C74F36E4C1F926001CEADA9CA97EA622B25F41E5EB2,62330uosmo","21121ibc/27394FB092D2ECCD56123C74F36E4C1F926001CEADA9CA97EA622B25F41E5EB2,177945uosmo"
osmo1pf5ld3lcts4p9xt04kn9gnmg0qvuyy70rdmy0n,712,"1855ibc/D1542AA8762DB13087D8364F3EA6509FD6F009A34F00426AF9E4F9FA85CBBF1F,497292uosmo","8787ibc/D1542AA8762DB13087D8364F3EA6509FD6F009A34F00426AF9E4F9FA85CBBF1F,2437802uosmo"
osmo1pm0zrc59qlnr7me7lk3hqkx8v22z7mx37rtqzk,1,"17253ibc/27394FB092D2ECCD56123C74F36E4C1F926001CEADA9CA97EA622B25F41E5EB2,134954uosmo","26741ibc/27394FB092D2ECCD56123C74F36E4C1F926001CEADA9CA97EA622B25F41E5EB2,225293uosmo"
osmo1pp745v36pzpsnj0ecjt5ca6gspz6lxletsvy8n,712,"3009ibc/D1542AA8762DB13087D8364F3EA6509FD6F009A34F00426AF9E4F9FA85CBBF1F,806845uosmo","28927ibc/D1542AA8762DB13087D8364F3EA6509FD6F009A34F00426AF9E4F9FA85CBBF1F,8024528uosmo"
osmo1pq7mnp9wk5mzeus9gz047ajalzcl2q7pvey5j4,712,"7294ibc/D1542AA8762DB13087D8364F3EA6509FD6F009A34F00426AF9E4F9FA85CBBF1F,1955410uosmo","33555ibc/D1542AA8762DB13087D8364F3EA6509FD6F009A34F00426AF9E4F9FA85CBBF1F,9308451uosmo"
osmo1psut3wswfp0ft683g78u2ymea4w9kcne2j7nq3,678,"113471778ibc/D189335C6E4A68B513C10AB227BF1C1D38C746766278BA3EEB4FB14124F1D858,99841186uosmo","139658380ibc/D189335C6E4A68B513C10AB227BF1C1D38C746766278BA3EEB4FB14124F1D858,124905970uosmo"
osmo1q02xlmlkce0qvfghffpwp8ew5y2hczu82q4uwt,1,"6293ibc/27394FB092D2ECCD56123C74F36E4C1F926001CEADA9CA97EA622B25F41E5EB2,49225uosmo","99968ibc/27394FB092D2ECCD56123C74F36E4C1F926001CEADA9CA97EA622B25F41E5EB2,842212uosmo"
osmo1q4mzc4l3d3f9u5a4kuedd9aj84gzur3dt2wehr,712,"10352ibc/D1542AA8762DB13087D8364F3EA6509FD6F009A34F00426AF9E4F9FA85CBBF1F,2775295uosmo","46237ibc/D1542AA8762DB13087D8364F3EA6509FD6F009A34F00426AF9E4F9FA85CBBF1F,12826548uosmo"
osmo1q5j8am95lgsvp02kjl36j0wufhktxtup2g29tm,1,"1342926ibc/27394FB092D2ECCD56123C74F36E4C1F926001CEADA9CA97EA622B25F41E5EB2,10504702uosmo","1605206ibc/27394FB092D2ECCD56123C74F36E4C1F926001CEADA9CA97EA622B25F41E5EB2,13523577uosmo"
osmo1q6vnjhcm5mj4vhdmvpmcr9ugvvzrqlc5v5qyjn,1,"301ibc/27394FB092D2ECCD56123C74F36E4C1F926001CEADA9CA97EA622B25F41E5EB2,2353uosmo","4778ibc/27394FB092D2ECCD56123C74F36E4C1F926001CEADA9CA97EA622B25F41E5EB2,40255uosmo"
osmo1qddjm8krk97uurwl3ydx5nzz5kalmpuys8ckuq,704,"2124257483987508ibc/EA1D43981D5C9A1C4AAEA9C23BB1D4FA126BA9BC7020A25E0AE4AA841EA25DC5,3322680uosmo","2080985974391721ibc/EA1D43981D5C9A1C4AAEA9C23BB1D4FA126BA9BC7020A25E0AE4AA841EA25DC5,3391956uosmo"
osmo1qm3xhjqcg0g8q68c5x642afdja5srf2eugkena,678,"140ibc/D189335C6E4A68B513C10AB227BF1C1D38C746766278BA3EEB4FB14124F1D858,123uosmo","943ibc/D189335C6E4A68B513C10AB227BF1C1D38C746766278BA3EEB4FB14124F1D858,843uosmo"
osmo1qtr3nc3uym9203mnpals30zm4grmkj7d0tv9du,712,"1380ibc/D1542AA8762DB13087D8364F3EA6509FD6F009A34F00426AF9E4F9FA85CBBF1F,369967uosmo","11840ibc/D1542AA8762DB13087D8364F3EA6509FD6F009A34F00426AF9E4F9FA85CBBF1F,3284594uosmo"
osmo1qw8vwzfzquczf43gpk909tcrl5dnqe953l8hm0,712,"6818ibc/D1542AA8762DB13087D8364F3EA6509FD6F009A34F00426AF9E4F9FA85CBBF1F,1827749uosmo","55613ibc/D1542AA8762DB13087D8364F3EA6509FD6F009A34F00426AF9E4F9FA85CBBF1F,15427274uosmo"
osmo1r0h2c2qyrzdlnl9pda4w92gfz0zs5hmv5v62y7,1,"403046ibc/27394FB092D2ECCD56123C74F36E4C1F926001CEADA9CA97EA622B25F41E5EB2,3152724uosmo","826795ibc/27394FB092D2ECCD56123C74F36E4C1F926001CEADA9CA97EA622B25F41E5EB2,6965601uosmo"
osmo1r8xvgh0he0h7rjar3saucpmt303t0qy24lyj39,704,"6130634822917ibc/EA1D43981D5C9A1C4AAEA9C23BB1D4FA126BA9BC7020A25E0AE4AA841EA25DC5,9590uosmo","13847444303982ibc/EA1D43981D5C9A1C4AAEA9C23BB1D4FA126BA9BC7020A25E0AE4AA841EA25DC5,22570uosmo"
osmo1r9kg3dj3jmnfywvuhml8fn9r0dcmfffhgvq886,704,"439498736812159ibc/EA1D43981D5C9A1C4AAEA9C23BB1D4FA126BA9BC7020A25E0AE4AA841EA25DC5,687447uosmo","461745517322953ibc/EA1D43981D5C9A1C4AAEA9C23BB1D4FA126BA9BC7020A25E0AE4AA841EA25DC5,752633uosmo"
osmo1re5wtjufxl9lfvw3qksv3ha7tnz56p99pcs7uh,678,"31749097ibc/D189335C6E4A68B513C10AB227BF1C1D38C746766278BA3EEB4FB14124F1D858,27935294uosmo","159652742ibc/D189335C6E4A68B513C10AB227BF1C1D38C746766278BA3EEB4FB14124F1D858,142788286uosmo"
osmo1rfz9mnsrscmxl2x0nw4q98d8sf6s6yv4xdwsp6,712,"27233ibc/D1542AA8762DB13087D8364F3EA6509FD6F009A34F00426AF9E4F9FA85CBBF1F,7300885uosmo","58727ibc/D1542AA8762DB13087D8364F3EA6509FD6F009A34F00426AF9E4F9FA85CBBF1F,16291298uosmo"
osmo1rgyhy3afhcgj7auyn50kfa0n8u09hjjggallyk,712,"1160ibc/D1542AA8762DB13087D8364F3EA6509FD6F009A34F00426AF9E4F9FA85CBBF1F,310942uosmo","1826ibc/D1542AA8762DB13087D8364F3EA6509FD6F009A34F00426AF9E4F9FA85CBBF1F,506749uosmo"
osmo1rkt3hj492qdnp5m6w9l6vscxpnhey0ml7xwnnv,1,"1688830ibc/27394FB092D2ECCD56123C74F36E4C1F926001CEADA9CA97EA622B25F41E5EB2,13210448uosmo","9054050ibc/27394FB092D2ECCD56123C74F36E4C1F926001CEADA9CA97EA622B25F41E5EB2,76278761uosmo"
osmo1rq2yhpmdet4ptmkczv0vmmv80guzm3u4qjkv0u,1,"59120ibc/27394FB092D2ECCD56123C74F36E4C1F926001CEADA9CA97EA622B25F41E5EB2,462450uosmo","939190ibc/27394FB092D2ECCD56123C74F36E4C1F926001CEADA9CA97EA622B25F41E5EB2,7912515uosmo"
osmo1rsks3gfv2rcf3atj8gs09yyhrftyn7j5vuu9v7,712,"33870ibc/D1542AA8762DB13087D8364F3EA6509FD6F009A34F00426AF9E4F9FA85CBBF1F,9079993uosmo","63885ibc/D1542AA8762DB13087D8364F3EA6509FD6F009A34F00426AF9E4F9FA85CBBF1F,17722156uosmo"
osmo1rw9fedvw59ps84lm6uvy45z5dpsqp3jj2pvd3p,712,"4062ibc/D1542AA8762DB13087D8364F3EA6509FD6F009A34F00426AF9E4F9FA85CBBF1F,1089030uosmo","16572ibc/D1542AA8762DB13087D8364F3EA6509FD6F009A34F00426AF9E4F9FA85CBBF1F,4597309uosmo"
osmo1s02ux6wssyh6h72sggrnq9tzksa7fuxrpuauwc,704,"471424464069327ibc/EA1D43981D5C9A1C4AAEA9C23BB1D4FA126BA9BC7020A25E0AE4AA841EA25DC5,737383uosmo","1283936366555226ibc/EA1D43981D5C9A1C4AAEA9C23BB1D4FA126BA9BC7020A25E0AE4AA841EA25DC5,2092785uosmo"
osmo1s9x2qzdg0yz9v0448tj2q8wxsw2m0u7hekmeft,712,"82ibc/D1542AA8762DB13087D8364F3EA6509FD6F009A34F00426AF9E4F9FA85CBBF1F,22053uosmo","88ibc/D1542AA8762DB13087D8364F3EA6509FD6F009A34F00426AF9E4F9FA85CBBF1F,24423uosmo"
osmo1spjh837742sypmhcnav2jtpghu5tgu6mxxjnpl,704,"771244555728340ibc/EA1D43981D5C9A1C4AAEA9C23BB1D4FA126BA9BC7020A25E0AE4AA841EA25DC5,1206350uosmo","5830073446222549ibc/EA1D43981D5C9A1C4AAEA9C23BB1D4FA126BA9BC7020A25E0AE4AA841EA25DC5,9502877uosmo"
osmo1sqm0rm2w52lg07g0v9kynt6zqqghlfvuddene9,1,"582487ibc/27394FB092D2ECCD56123C74F36E4C1F926001CEADA9CA97EA622B25F41E5EB2,4556362uosmo","936084ibc/27394FB092D2ECCD56123C74F36E4C1F926001CEADA9CA97EA622B25F41E5EB2,7886347uosmo"
osmo1sxuc7jt7zf36v8mxz2m4894yxmjwe8lzc25yvg,704,"643899053811928ibc/EA1D43981D5C9A1C4AAEA9C23BB1D4FA126BA9BC7020A25E0AE4AA841EA25DC5,1007162uosmo","1412878791830740ibc/EA1D43981D5C9A1C4AAEA9C23BB1D4FA126BA9BC7020A25E0AE4AA841EA25DC5,2302958uosmo"
osmo1t4p7mwr0g4afs2w6kzn3whyjzc8a89x9hhl7pf,712,"18773ibc/D1542AA8762DB13087D8364F3EA6509FD6F009A34F00426AF9E4F9FA85CBBF1F,5032715uosmo","153161ibc/D1542AA8762DB13087D8364F3EA6509FD6F009A34F00426AF9E4F9FA85CBBF1F,42487461uosmo"
osmo1tfze2sxuqwwz5fxj0quasx5curjwlwm9qe9yhj,678,"4255324ibc/D189335C6E4A68B513C10AB227BF1C1D38C746766278BA3EEB4FB14124F1D858,3744161uosmo","5335246ibc/D189335C6E4A68B513C10AB227BF1C1D38C746766278BA3EEB4FB14124F1D858,4771672uosmo"
osmo1tg70tuzekpd376dpqr68yx5a7r709w6x8jtxha,1,"178356ibc/27394FB092D2ECCD56123C74F36E4C1F926001CEADA9CA97EA622B25F41E5EB2,1395139uosmo","60251122ibc/27394FB092D2ECCD56123C74F36E4C1F926001CEADA9CA97EA622B25F41E5EB2,507584649uosmo"
osmo1tj8ccxjs347hywph03swzyhq2mek6qde0gs5ht,704,"362147161073295ibc/EA1D43981D5C9A1C4AAEA9C23BB1D4FA126BA9BC7020A25E0AE4AA841EA25DC5,566456uosmo","966189340031979ibc/EA1D43981D5C9A1C4AAEA9C23BB1D4FA126BA9BC7020A25E0AE4AA841EA25DC5,1574865uosmo"
osmo1tmgt32leqlz2hvwjwzpj6dvgk3vtksyxx0tpxv,678,"333931ibc/D189335C6E4A68B513C10AB227BF1C1D38C746766278BA3EEB4FB14124F1D858,293818uosmo","2265112ibc/D189335C6E4A68B513C10AB227BF1C1D38C746766278BA3EEB4FB14124F1D858,2025844uosmo"
osmo1tmvhxvmcu3krv9rsegl9q8rfehu7reem97dqah,1,"56485ibc/27394FB092D2ECCD56123C74F36E4C1F926001CEADA9CA97EA622B25F41E5EB2,441841uosmo","86611ibc/27394FB092D2ECCD56123C74F36E4C1F926001CEADA9CA97EA622B25F41E5EB2,729687uosmo"
osmo1tmz2udgyp33tsgdlwkqpm4x350fgm96aydvnrt,678,"180238ibc/D189335C6E4A68B513C10AB227BF1C1D38C746766278BA3EEB4FB14124F1D858,158587uosmo","267178ibc/D189335C6E4A68B513C10AB227BF1C1D38C746766278BA3EEB4FB14124F1D858,238956uosmo"
osmo1tmz2udgyp33tsgdlwkqpm4x350fgm96aydvnrt,712,"422ibc/D1542AA8762DB13087D8364F3EA6509FD6F009A34F00426AF9E4F9FA85CBBF1F,113155uosmo","3967ibc/D1542AA8762DB13087D8364F3EA6509FD6F009A34F00426AF9E4F9FA85CBBF1F,1100561uosmo"
osmo1tneppw8gfvkplqsr4rtwzpalcaa7rjvplwcu2n,712,"390333ibc/D1542AA8762DB13087D8364F3EA6509FD6F009A34F00426AF9E4F9FA85CBBF1F,104642615uosmo","832067ibc/D1542AA8762DB13087D8364F3EA6509FD6F009A34F00426AF9E4F9FA85CBBF1F,230818734uosmo"
osmo1u0nalwdlqc3ckg2u39xd2kpaq7wewurnx65sxf,1,"441236ibc/27394FB092D2ECCD56123C74F36E4C1F926001CEADA9CA97EA622B25F41E5EB2,3451460uosmo","7008722ibc/27394FB092D2ECCD56123C74F36E4C1F926001CEADA9CA97EA622B25F41E5EB2,59047236uosmo"
osmo1u3tsmq0pmrs0xa4cagqc0gdje65qev2e9gffg9,678,"39349836ibc/D189335C6E4A68B513C10AB227BF1C1D38C746766278BA3EEB4FB14124F1D858,34623008uosmo","86273702ibc/D189335C6E4A68B513C10AB227BF1C1D38C746766278BA3EEB4FB14124F1D858,77160428uosmo"
osmo1u5m59uvat5wakk9w3d5fgrnxryfkn6krm4qsx5,1,"73178ibc/27394FB092D2ECCD56123C74F36E4C1F926001CEADA9CA97EA622B25F41E5EB2,572412uosmo","1162261ibc/27394FB092D2ECCD56123C74F36E4C1F926001CEADA9CA97EA622B25F41E5EB2,9791842uosmo"
osmo1u7fhaqeugqk779nhmfp5wsay07sf2rutegq87f,678,"6225672ibc/D189335C6E4A68B513C10AB227BF1C1D38C746766278BA3EEB4FB14124F1D858,5477825uosmo","7326990ibc/D189335C6E4A68B513C10AB227BF1C1D38C746766278BA3EEB4FB14124F1D858,6553025uosmo"
osmo1uc2zhgrx644urp682kxeucqrsczka23pa03zp4,1,"315876ibc/27394FB092D2ECCD56123C74F36E4C1F926001CEADA9CA97EA622B25F41E5EB2,2470856uosmo","3141882ibc/27394FB092D2ECCD56123C74F36E4C1F926001CEADA9CA97EA622B25F41E5EB2,26469796uosmo"
osmo1ulgra5eyyjrvalhzjcjjezsldgardt99m08ll6,712,"7534ibc/D1542AA8762DB13087D8364F3EA6509FD6F009A34F00426AF9E4F9FA85CBBF1F,2019890uosmo","10253ibc/D1542AA8762DB13087D8364F3EA6509FD6F009A34F00426AF9E4F9FA85CBBF1F,2844380uosmo"
osmo1v8h2dtx2n525h75fueljyk6qu2q79ktmck37a0,678,"352786ibc/D189335C6E4A68B513C10AB227BF1C1D38C746766278BA3EEB4FB14124F1D858,310408uosmo","2382165ibc/D189335C6E4A68B513C10AB227BF1C1D38C746766278BA3EEB4FB14124F1D858,2130532uosmo"
osmo1vhjdpv0y4pg2h3y9a0wl3dlz23cj0vytskn54v,704,"56774163648325ibc/EA1D43981D5C9A1C4AAEA9C23BB1D4FA126BA9BC7020A25E0AE4AA841EA25DC5,88804uosmo","199241908196862ibc/EA1D43981D5C9A1C4AAEA9C23BB1D4FA126BA9BC7020A25E0AE4AA841EA25DC5,324759uosmo"
osmo1vmgu6vk9uyq0cwzw7xrcn88g0s9yl3zx626jac,678,"2415486ibc/D189335C6E4A68B513C10AB227BF1C1D38C746766278BA3EEB4FB14124F1D858,2125330uosmo","14574999ibc/D189335C6E4A68B513C10AB227BF1C1D38C746766278BA3EEB4FB14124F1D858,13035411uosmo"
osmo1vvye9uaufwfzk8gkcwd45xqe0ey4puvzy07js9,1,"22575ibc/27394FB092D2ECCD56123C74F36E4C1F926001CEADA9CA97EA622B25F41E5EB2,176595uosmo","358647ibc/27394FB092D2ECCD56123C74F36E4C1F926001CEADA9CA97EA622B25F41E5EB2,3021539uosmo"
osmo1vxvqd5vxdkskz3zs27chh7t3rqse85frkxvnd9,1,"26522ibc/27394FB092D2ECCD56123C74F36E4C1F926001CEADA9CA97EA622B25F41E5EB2,207468uosmo","421315ibc/27394FB092D2ECCD56123C74F36E4C1F926001CEADA9CA97EA622B25F41E5EB2,3549509uosmo"
osmo1w9zvj2swp396altz9kq7lj2pel0ykawpjnh68h,678,"37032ibc/D189335C6E4A68B513C10AB227BF1C1D38C746766278BA3EEB4FB14124F1D858,32583uosmo","82429ibc/D189335C6E4A68B513C10AB227BF1C1D38C746766278BA3EEB4FB14124F1D858,73722uosmo"
osmo1wcj02245uwe3xpn4sj9h5mnavmj0wlmj95qzf4,712,"4966ibc/D1542AA8762DB13087D8364F3EA6509FD6F009A34F00426AF9E4F9FA85CBBF1F,1331233uosmo","5797ibc/D1542AA8762DB13087D8364F3EA6509FD6F009A34F00426AF9E4F9FA85CBBF1F,1608273uosmo"
osmo1wh0ch7eefffw9p8v6ct39esn9cc9vaew9evj4n,1,"59120ibc/27394FB092D2ECCD56123C74F36E4C1F926001CEADA9CA97EA622B25F41E5EB2,462449uosmo","939186ibc/27394FB092D2ECCD56123C74F36E4C1F926001CEADA9CA97EA622B25F41E5EB2,7912481uosmo"
osmo1x6ekwewlfpfvn5hmnezs6kxjutqkuandc5vv5a,1,"931933ibc/27394FB092D2ECCD56123C74F36E4C1F926001CEADA9CA97EA622B25F41E5EB2,7289810uosmo","3071626ibc/27394FB092D2ECCD56123C74F36E4C1F926001CEADA9CA97EA622B25F41E5EB2,25877906uosmo"
osmo1xm6xvv67p8qxe3e557eqf9f2t27dt90dcj05y3,704,"1887010469757760ibc/EA1D43981D5C9A1C4AAEA9C23BB1D4FA126BA9BC7020A25E0AE4AA841EA25DC5,2951588uosmo","36606340272211166ibc/EA1D43981D5C9A1C4AAEA9C23BB1D4FA126BA9BC7020A25E0AE4AA841EA25DC5,59667443uosmo"
osmo1xnempgjgrfwden5slxpgx0qcu45hm9ar7w53y9,704,"477753790625852ibc/EA1D43981D5C9A1C4AAEA9C23BB1D4FA126BA9BC7020A25E0AE4AA841EA25DC5,747284uosmo","1072837537130501ibc/EA1D43981D5C9A1C4AAEA9C23BB1D4FA126BA9BC7020A25E0AE4AA841EA25DC5,1748699uosmo"
osmo1xp0ytkpfuetafwf7x2xptu8ket4n637wwxj3nt,1,"1876303ibc/27394FB092D2ECCD56123C74F36E4C1F926001CEADA9CA97EA622B25F41E5EB2,14676910uosmo","15281187ibc/27394FB092D2ECCD56123C74F36E4C1F926001CEADA9CA97EA622B25F41E5EB2,128741285uosmo"
osmo1xq4zgza426r090v9xpfsas253jpd6h4upvvqmc,678,"145327ibc/D189335C6E4A68B513C10AB227BF1C1D38C746766278BA3EEB4FB14124F1D858,127870uosmo","981009ibc/D189335C6E4A68B513C10AB227BF1C1D38C746766278BA3EEB4FB14124F1D858,877383uosmo"
osmo1y9pnp8eczyueq92rxrnmzmexg6pe4r3xzy55zs,712,"1276ibc/D1542AA8762DB13087D8364F3EA6509FD6F009A34F00426AF9E4F9FA85CBBF1F,342040uosmo","2085ibc/D1542AA8762DB13087D8364F3EA6509FD6F009A34F00426AF9E4F9FA85CBBF1F,578511uosmo"
osmo1yas4uf89c3v33gun2xd44paau3cfvwarwfsuj0,712,"1054ibc/D1542AA8762DB13087D8364F3EA6509FD6F009A34F00426AF9E4F9FA85CBBF1F,282618uosmo","8968ibc/D1542AA8762DB13087D8364F3EA6509FD6F009A34F00426AF9E4F9FA85CBBF1F,2487807uosmo"
osmo1yfk90p5x6l6u5p49jn2x3tppkc0j60xgevqtat,712,"594ibc/D1542AA8762DB13087D8364F3EA6509FD6F009A34F00426AF9E4F9FA85CBBF1F,159477uosmo","5060ibc/D1542AA8762DB13087D8364F3EA6509FD6F009A34F00426AF9E4F9FA85CBBF1F,1403794uosmo"
osmo1yglld3aary7lnrrn2dz7la84kmnmen4kpsxzay,712,"89188ibc/D1542AA8762DB13087D8364F3EA6509FD6F009A34F00426AF9E4F9FA85CBBF1F,23909885uosmo","149163320ibc/D1542AA8762DB13087D8364F3EA6509FD6F009A34F00426AF9E4F9FA85CBBF1F,40005244937uosmo"
osmo1yjm69g3d8alpf70rm605e4m9me8yd6vtym5x0r,1,"1401113ibc/27394FB092D2ECCD56123C74F36E4C1F926001CEADA9CA97EA622B25F41E5EB2,10959854uosmo","3707823ibc/27394FB092D2ECCD56123C74F36E4C1F926001CEADA9CA97EA622B25F41E5EB2,31237751uosmo"
osmo1yllrndphe5zj63vg4nxupqcqqa2n6l567taf2m,712,"75834ibc/D1542AA8762DB13087D8364F3EA6509FD6F009A34F00426AF9E4F9FA85CBBF1F,20329988uosmo","618582ibc/D1542AA8762DB13087D8364F3EA6509FD6F009A34F00426AF9E4F9FA85CBBF1F,171597105uosmo"
osmo1yxp9sajsj5j9qafvza6j2f8jc2zt87u544gs9u,704,"4174944164761084ibc/EA1D43981D5C9A1C4AAEA9C23BB1D4FA126BA9BC7020A25E0AE4AA841EA25DC5,6530284uosmo","4057218635321750ibc/EA1D43981D5C9A1C4AAEA9C23BB1D4FA126BA9BC7020A25E0AE4AA841EA25DC5,6613167uosmo"
osmo1yxp9sajsj5j9qafvza6j2f8jc2zt87u544gs9u,712,"56312ibc/D1542AA8762DB13087D8364F3EA6509FD6F009A34F00426AF9E4F9FA85CBBF1F,15096468uosmo","55073ibc/D1542AA8762DB13087D8364F3EA6509FD6F009A34F00426AF9E4F9FA85CBBF1F,15277685uosmo"
osmo1yzmdt6hgpcs8q2tmasls5fksrx8fl78deuk7zx,704,"26383068423828101ibc/EA1D43981D5C9A1C4AAEA9C23BB1D4FA126BA9BC7020A25E0AE4AA841EA25DC5,41267358uosmo","39809885986679051ibc/EA1D43981D5C9A1C4AAEA9C23BB1D4FA126BA9BC7020A25E0AE4AA841EA25DC5,64889144uosmo"
osmo1z7qd2j77knchudz3a98r2e0dkquhx3r3pzslt7,678,"4714332ibc/D189335C6E4A68B513C10AB227BF1C1D38C746766278BA3EEB4FB14124F1D858,4148032uosmo","15231685ibc/D189335C6E4A68B513C10AB227BF1C1D38C746766278BA3EEB4FB14124F1D858,13622730uosmo"
osmo1z8ezyzy9rx5pswhxgkca38pewr25nw53wdmr9q,678,"17709ibc/D189335C6E4A68B513C10AB227BF1C1D38C746766278BA3EEB4FB14124F1D858,15582uosmo","43620ibc/D189335C6E4A68B513C10AB227BF1C1D38C746766278BA3EEB4FB14124F1D858,39012uosmo"
osmo1za34x4r5fq8jmuk6gvsufx5pt5vz2hltgtxnpz,704,"594858014657242ibc/EA1D43981D5C9A1C4AAEA9C23BB1D4FA126BA9BC7020A25E0AE4AA841EA25DC5,930453uosmo","582747019179374ibc/EA1D43981D5C9A1C4AAEA9C23BB1D4FA126BA9BC7020A25E0AE4AA841EA25DC5,949863uosmo"
osmo1zepwhr77p406jnz44xt007nfxat9ls95z3cgnv,678,"7448987ibc/D189335C6E4A68B513C10AB227BF1C1D38C746766278BA3EEB4FB14124F1D858,6554191uosmo","26827165ibc/D189335C6E4A68B513C10AB227BF1C1D38C746766278BA3EEB4FB14124F1D858,23993354uosmo"
osmo1zqdptla9ex0aksezduvefehgvy64lmhn7l2ujx,712,"25822ibc/D1542AA8762DB13087D8364F3EA6509FD6F009A34F00426AF9E4F9FA85CBBF1F,6922687uosmo","34237ibc/D1542AA8762DB13087D8364F3EA6509FD6F009A34F00426AF9E4F9FA85CBBF1F,9497653uosmo"
